{
  "postcss.config.mjs": 1776504598.0972526,
  "next.config.mjs": 1776504598.0967982,
  "source.config.ts": 1776504598.0999203,
  "src/app/robots.ts": 1776504598.1023319,
  "src/app/sitemap.ts": 1776504598.1023855,
  "src/app/layout.tsx": 1776504598.102004,
  "src/app/global-error.tsx": 1776504598.1019402,
  "src/app/(app)/layout.tsx": 1776504598.101326,
  "src/app/(app)/(blog)/layout.tsx": 1776504598.1005647,
  "src/app/(app)/(blog)/blog/page.tsx": 1776504598.100498,
  "src/app/(app)/(blog)/blog/[slug]/page.tsx": 1776504598.1003973,
  "src/app/(app)/(blog)/api/search/route.ts": 1776504598.1002147,
  "src/app/(app)/(main)/layout.tsx": 1776504598.100925,
  "src/app/(app)/(main)/(home)/page.tsx": 1776504598.1007054,
  "src/app/(app)/(main)/projects/page.tsx": 1776504598.1011398,
  "src/app/(app)/(main)/projects/[id]/page.tsx": 1776504598.1010494,
  "src/app/(app)/(main)/about/page.tsx": 1776504598.1007874,
  "src/app/(app)/(main)/side-quests/page.tsx": 1776504598.1012604,
  "src/app/(app)/(main)/guest-book/page.tsx": 1776504598.1008735,
  "src/app/resume/page.tsx": 1776504598.1022646,
  "src/app/api/cron/kv-keepalive/route.ts": 1776504598.101877,
  "src/app/og/route.tsx": 1776504598.1021423,
  "src/app/(chat)/chat/page.tsx": 1776504598.101648,
  "src/app/(chat)/api/chat/route.ts": 1776504598.10156,
  "src/constants/navigation.ts": 1776504598.1061041,
  "src/constants/social-links.ts": 1776504598.106174,
  "src/features/home/components/hero.tsx": 1776504598.1085844,
  "src/features/home/components/experience.tsx": 1776505138.9212315,
  "src/features/home/components/selected-project.tsx": 1776504598.108641,
  "src/features/home/components/testimonial.tsx": 1776504598.1087723,
  "src/features/home/components/technologies.tsx": 1776504598.1086938,
  "src/features/home/components/contact.tsx": 1776504598.1082885,
  "src/features/home/components/contributions/index.tsx": 1776504598.1084466,
  "src/features/home/components/contributions/contribution-graph.tsx": 1776504598.1083891,
  "src/features/home/actions/email.ts": 1776504598.1080344,
  "src/features/home/api/contribution.ts": 1776504598.108179,
  "src/features/chat/chat-view.tsx": 1776504598.1070647,
  "src/features/chat/components/agent-switcher.tsx": 1776504598.1071563,
  "src/features/chat/components/prompt-area.tsx": 1776504598.1077049,
  "src/features/chat/components/code-block.tsx": 1776504598.107232,
  "src/features/chat/components/message.tsx": 1776504598.1076274,
  "src/features/chat/components/suggested-questions.tsx": 1776504598.1077669,
  "src/features/chat/components/markdown/markdown.tsx": 1776504598.107337,
  "src/features/chat/components/markdown/parse-incomplete-markdown.ts": 1776504598.1074884,
  "src/features/chat/components/markdown/parse-block.ts": 1776504598.1074095,
  "src/features/chat/components/markdown/remark-youtube.ts": 1776504598.1075556,
  "src/features/chat/lib/agents.ts": 1776504598.1078753,
  "src/features/projects/data.ts": 1776504598.1091442,
  "src/features/projects/components/project-showcase.tsx": 1776504598.1090355,
  "src/features/projects/components/project-detail.tsx": 1776504598.1089563,
  "src/features/about/utils.ts": 1776504598.1067185,
  "src/features/about/components/about.tsx": 1776504598.10636,
  "src/features/about/components/profile-badge/index.tsx": 1776504598.1065714,
  "src/features/about/components/profile-badge/band.tsx": 1776504598.1065102,
  "src/features/side-quests/components/side-quests.tsx": 1776504598.1093056,
  "src/features/blog/components/mdx-components.tsx": 1776504598.106946,
  "src/features/blog/components/blog-post-showcase.tsx": 1776504598.1068797,
  "src/components/theme-provider.tsx": 1776504598.104834,
  "src/components/basic-markdown-parser.tsx": 1776504598.102879,
  "src/components/cloudinary-image.tsx": 1776504598.1030698,
  "src/components/card-stack.tsx": 1776504598.1029382,
  "src/components/tooltip-wrapper.tsx": 1776504598.104959,
  "src/components/youtube-iframe.tsx": 1776504598.1060097,
  "src/components/image-viewer.tsx": 1776504598.1046574,
  "src/components/footer.tsx": 1776504598.1038547,
  "src/components/comment.tsx": 1776504598.1031241,
  "src/components/cloudinary-avatar.tsx": 1776504598.1030118,
  "src/components/file-name-icon-map.tsx": 1776504598.1037927,
  "src/components/structured-data.tsx": 1776504598.1047814,
  "src/components/image-stack.tsx": 1776504598.1045628,
  "src/components/theme-switcher.tsx": 1776504598.1048985,
  "src/components/header.tsx": 1776504598.1039326,
  "src/components/contribution-graph.tsx": 1776504598.1031969,
  "src/components/error-display.tsx": 1776504598.103719,
  "src/components/page-hero-image.tsx": 1776504598.1047242,
  "src/components/ui/popover.tsx": 1776504598.1055899,
  "src/components/ui/copy-button.tsx": 1776504598.105225,
  "src/components/ui/nav-link.tsx": 1776504598.1055183,
  "src/components/ui/label.tsx": 1776504598.1054652,
  "src/components/ui/utils.ts": 1776504598.1059518,
  "src/components/ui/tooltip.tsx": 1776504598.1058266,
  "src/components/ui/theme-image.tsx": 1776504598.105709,
  "src/components/ui/types.ts": 1776504598.105888,
  "src/components/ui/go-back-button.tsx": 1776504598.1053426,
  "src/components/ui/avatar.tsx": 1776504598.1050742,
  "src/components/ui/badge.tsx": 1776504598.105126,
  "src/components/ui/button.tsx": 1776504598.105177,
  "src/components/ui/toast.tsx": 1776504598.1057675,
  "src/components/ui/dropdown-menu.tsx": 1776504598.1052935,
  "src/components/ui/textarea.tsx": 1776504598.1056483,
  "src/components/ui/input.tsx": 1776504598.1054163,
  "src/components/decorations/grainy-overlay.tsx": 1776504598.1035533,
  "src/components/decorations/background-texture.tsx": 1776504598.1033669,
  "src/components/decorations/dashed-line.tsx": 1776504598.1034977,
  "src/components/decorations/animated-gradient-text.tsx": 1776504598.1032996,
  "src/components/decorations/profile.tsx": 1776504598.103647,
  "src/components/decorations/dashed-divider.tsx": 1776504598.103434,
  "src/components/icons/index.tsx": 1776504598.1041515,
  "src/components/icons/zustand.tsx": 1776504598.1044693,
  "src/components/icons/signature.tsx": 1776504598.104234,
  "src/components/animations/fade-animation.tsx": 1776504598.102643,
  "src/components/animations/typing-animation.tsx": 1776504598.1028013,
  "src/components/animations/light-rays-animation.tsx": 1776504598.1027176,
  "src/hooks/use-screen-size.ts": 1776504598.1095297,
  "src/hooks/use-isomorphic-layout-effect.ts": 1776504598.1094072,
  "src/hooks/use-media-query.ts": 1776504598.1094704,
  "src/hooks/use-sound.ts": 1776504598.1095912,
  "src/lib/source.ts": 1776504598.1098819,
  "src/lib/fonts.ts": 1776504598.1097562,
  "src/lib/structured-data.ts": 1776504598.1099515,
  "src/lib/utils.ts": 1776504598.1100154,
  "src/lib/site-config.ts": 1776504598.109817,
  "src/lib/ai.ts": 1776504598.1096947,
  "LICENSE.md": 1776504598.0958076,
  "README.md": 1776504598.095868,
  "AGENTS.md": 1776504668.8290772,
  "agent_docs/i18n-burmese-english.md": 1776504598.0961993,
  "agent_docs/context-engineering-principles.md": 1776504598.0960267,
  "agent_docs/implementation-playbook.md": 1776504598.0962505,
  "agent_docs/code-organization.md": 1776504598.0959728,
  "agent_docs/dependencies-and-doc-packages.md": 1776504598.0960863,
  "agent_docs/generative-ai-extension.md": 1776504598.0961466,
  "agent_docs/project-map.md": 1776504598.0963094,
  "public/HTET_AUNG_LIN_RESUME.pdf": 1776504598.0974262,
  "public/opengraph-image.png": 1776504598.099471,
  "public/signature.svg": 1776504598.099865,
  "public/images/new-tab.png": 1776504598.097864,
  "public/images/profile_card_badge.png": 1776504598.0984216,
  "public/images/textures/groovepaper.png": 1776504598.0986187,
  "public/images/textures/fabric-of-squares.png": 1776504598.0985227,
  "public/favicon/favicon-16x16.png": 1776504598.097714,
  "public/favicon/apple-touch-icon.png": 1776504598.0976653
}